# {"t_start": 1682570510.0574625, "env_id": "Craft-single-M1-v0"} 
r,l,t
0.0,1000,5.743168
0.0,1000,14.829061
0.0,1000,23.184345
0.0,1000,31.548431
0.0,1000,39.882534
0.0,1000,48.250912
0.0,1000,56.565304
0.0,1000,64.804641
0.0,1000,73.006413
0.0,1000,81.229909
0.0,1000,89.625682
0.0,1000,98.96298
0.0,1000,108.532939
0.0,1000,118.043034
0.0,1000,127.634398
0.0,1000,137.135745
0.0,1000,146.662042
0.0,1000,156.131647
0.0,1000,165.747561
0.0,1000,175.233133
0.0,1000,184.721976
0.0,1000,194.220754
0.0,1000,203.736192
0.0,1000,213.250803
1.0,904,221.82584
0.0,1000,231.246177
0.0,1000,240.777342
0.0,1000,250.364604
0.0,1000,259.830328
0.0,1000,269.258769
0.0,1000,278.769614
0.0,1000,288.292758
0.0,1000,297.852699
0.0,1000,307.358469
0.0,1000,316.883131
0.0,1000,326.33776
0.0,1000,336.318073
0.0,1000,345.939826
0.0,1000,355.495379
0.0,1000,365.067094
0.0,1000,374.597001
0.0,1000,384.084603
0.0,1000,393.609061
0.0,1000,403.142059
0.0,1000,412.665161
0.0,1000,422.145586
0.0,1000,431.659685
0.0,1000,441.178174
0.0,1000,450.754005
0.0,1000,460.371087
0.0,1000,469.842352
0.0,1000,479.42072
0.0,1000,488.88634
0.0,1000,498.397547
0.0,1000,507.915302
0.0,1000,517.480433
0.0,1000,527.01633
0.0,1000,536.576161
0.0,1000,546.134792
0.0,1000,555.653968
1.0,955,564.773093
0.0,1000,574.286609
0.0,1000,583.757293
0.0,1000,593.337438
0.0,1000,602.841756
0.0,1000,612.307125
0.0,1000,621.823827
0.0,1000,631.401845
0.0,1000,641.037172
0.0,1000,650.653281
0.0,1000,660.174865
0.0,1000,669.61417
0.0,1000,679.142923
0.0,1000,688.638459
0.0,1000,698.153713
0.0,1000,707.677049
0.0,1000,717.162201
0.0,1000,726.725375
1.0,931,735.545084
0.0,1000,745.061809
0.0,1000,754.565925
0.0,1000,764.133742
0.0,1000,773.678172
0.0,1000,783.191593
0.0,1000,792.716662
0.0,1000,802.231614
0.0,1000,812.223609
0.0,1000,822.201242
0.0,1000,831.801289
0.0,1000,841.3268
0.0,1000,851.090519
0.0,1000,861.6266
0.0,1000,871.474158
1.0,491,876.172028
0.0,1000,885.801245
0.0,1000,895.557187
0.0,1000,905.341519
0.0,1000,914.88511
0.0,1000,924.58682
0.0,1000,935.104611
0.0,1000,945.444723
0.0,1000,955.879961
0.0,1000,965.959786
0.0,1000,975.884794
0.0,1000,986.036103
0.0,1000,996.458672
0.0,1000,1007.072203
0.0,1000,1017.980201
0.0,1000,1029.353441
0.0,1000,1040.696913
0.0,1000,1052.414882
0.0,1000,1063.776986
1.0,779,1072.92751
0.0,1000,1084.840357
0.0,1000,1096.178121
0.0,1000,1107.287102
0.0,1000,1118.380051
0.0,1000,1129.549525
1.0,976,1140.355317
0.0,1000,1151.480643
0.0,1000,1162.660477
0.0,1000,1173.747967
0.0,1000,1184.844649
0.0,1000,1195.887554
0.0,1000,1207.085674
0.0,1000,1218.211587
0.0,1000,1229.29692
0.0,1000,1240.512017
0.0,1000,1251.696007
1.0,561,1257.885035
0.0,1000,1269.116731
0.0,1000,1280.223642
0.0,1000,1291.309183
0.0,1000,1302.353975
0.0,1000,1313.451787
0.0,1000,1324.601257
0.0,1000,1335.77149
0.0,1000,1347.058359
0.0,1000,1358.114087
0.0,1000,1369.095263
0.0,1000,1380.181154
0.0,1000,1391.142749
0.0,1000,1402.243693
0.0,1000,1413.280937
0.0,1000,1424.267555
0.0,1000,1435.348183
0.0,1000,1446.399324
0.0,1000,1457.503022
0.0,1000,1468.533255
0.0,1000,1479.643752
0.0,1000,1490.655887
0.0,1000,1501.69342
0.0,1000,1512.637769
0.0,1000,1523.568358
0.0,1000,1534.666894
0.0,1000,1545.747412
1.0,928,1556.108534
0.0,1000,1567.257428
0.0,1000,1578.390272
0.0,1000,1589.462834
0.0,1000,1600.570275
0.0,1000,1611.718284
0.0,1000,1622.822684
0.0,1000,1633.794664
0.0,1000,1644.834208
1.0,930,1655.091696
0.0,1000,1666.1947
0.0,1000,1677.245663
0.0,1000,1688.340809
0.0,1000,1699.410204
0.0,1000,1710.48528
0.0,1000,1721.624183
0.0,1000,1732.816181
0.0,1000,1743.850352
0.0,1000,1754.909668
0.0,1000,1765.953432
1.0,532,1771.855117
0.0,1000,1782.912426
0.0,1000,1794.023062
0.0,1000,1805.053517
0.0,1000,1816.224566
1.0,932,1826.64485
0.0,1000,1837.755667
0.0,1000,1848.892996
0.0,1000,1859.990322
0.0,1000,1871.005627
0.0,1000,1882.158122
0.0,1000,1893.251876
0.0,1000,1904.404904
0.0,1000,1915.499259
0.0,1000,1926.495631
0.0,1000,1937.620349
0.0,1000,1948.645628
0.0,1000,1959.737539
0.0,1000,1970.862219
0.0,1000,1981.992226
0.0,1000,1993.09351
0.0,1000,2004.198885
0.0,1000,2015.304172
1.0,968,2026.081887
0.0,1000,2037.211782
0.0,1000,2048.338516
0.0,1000,2059.282525
0.0,1000,2070.35708
0.0,1000,2081.403337
0.0,1000,2092.433685
0.0,1000,2103.499369
0.0,1000,2114.591911
0.0,1000,2125.669299
0.0,1000,2137.218883
0.0,1000,2148.251844
0.0,1000,2159.377184
1.0,722,2167.357465
0.0,1000,2178.433491
0.0,1000,2189.445417
0.0,1000,2200.489587
0.0,1000,2211.440817
0.0,1000,2222.437914
0.0,1000,2233.443586
0.0,1000,2244.624944
0.0,1000,2255.774412
0.0,1000,2266.988501
0.0,1000,2278.068454
0.0,1000,2289.125331
0.0,1000,2300.138273
0.0,1000,2311.308732
0.0,1000,2322.331007
0.0,1000,2333.327777
0.0,1000,2344.27127
1.0,682,2351.840519
0.0,1000,2362.870499
0.0,1000,2373.867729
0.0,1000,2384.900469
0.0,1000,2395.805555
0.0,1000,2406.927136
0.0,1000,2417.947339
0.0,1000,2429.054547
0.0,1000,2440.143271
0.0,1000,2451.289538
0.0,1000,2462.35249
0.0,1000,2473.323002
0.0,1000,2484.39079
0.0,1000,2495.425643
0.0,1000,2506.416708
0.0,1000,2517.442612
0.0,1000,2528.562445
0.0,1000,2539.641433
0.0,1000,2550.683678
0.0,1000,2561.633093
0.0,1000,2572.719375
0.0,1000,2583.680651
0.0,1000,2594.750907
0.0,1000,2605.993315
0.0,1000,2617.032749
0.0,1000,2628.200265
0.0,1000,2639.21324
0.0,1000,2650.215203
1.0,214,2652.639951
0.0,1000,2663.615608
0.0,1000,2674.637174
0.0,1000,2685.619665
0.0,1000,2696.688976
0.0,1000,2707.761746
0.0,1000,2718.870539
0.0,1000,2729.988654
0.0,1000,2741.202931
0.0,1000,2752.370164
0.0,1000,2763.458138
0.0,1000,2774.434427
0.0,1000,2785.543801
0.0,1000,2796.536921
0.0,1000,2807.621476
0.0,1000,2818.697263
0.0,1000,2829.727563
1.0,909,2839.785165
0.0,1000,2850.935718
0.0,1000,2862.065241
0.0,1000,2873.17042
0.0,1000,2884.277182
0.0,1000,2895.268057
0.0,1000,2906.240064
0.0,1000,2917.393322
0.0,1000,2928.487936
0.0,1000,2939.510532
0.0,1000,2950.570091
0.0,1000,2961.581692
0.0,1000,2972.617663
0.0,1000,2983.640404
0.0,1000,2994.659562
0.0,1000,3005.674363
0.0,1000,3016.813921
0.0,1000,3027.927277
0.0,1000,3039.099646
0.0,1000,3050.193515
0.0,1000,3061.159019
0.0,1000,3072.244732
0.0,1000,3083.385501
0.0,1000,3094.494793
0.0,1000,3105.649402
0.0,1000,3116.679018
0.0,1000,3127.745114
0.0,1000,3138.816999
0.0,1000,3149.919635
0.0,1000,3160.953622
0.0,1000,3172.059785
0.0,1000,3183.126673
0.0,1000,3194.136285
0.0,1000,3205.178477
0.0,1000,3216.258331
0.0,1000,3227.316848
0.0,1000,3238.451374
0.0,1000,3249.571608
0.0,1000,3260.602074
0.0,1000,3271.718393
0.0,1000,3282.746213
0.0,1000,3293.805822
0.0,1000,3304.842536
0.0,1000,3315.917496
1.0,799,3324.785719
0.0,1000,3335.969934
0.0,1000,3347.118485
0.0,1000,3358.243235
0.0,1000,3369.342593
0.0,1000,3380.537879
0.0,1000,3391.668312
0.0,1000,3402.785119
0.0,1000,3413.925808
0.0,1000,3425.106299
0.0,1000,3436.163378
0.0,1000,3447.219019
0.0,1000,3458.267361
0.0,1000,3469.329474
0.0,1000,3480.373927
0.0,1000,3491.444764
0.0,1000,3502.524696
0.0,1000,3513.65697
0.0,1000,3524.729099
0.0,1000,3535.862729
0.0,1000,3546.893201
0.0,1000,3558.011483
0.0,1000,3569.121469
0.0,1000,3580.234942
0.0,1000,3591.25527
0.0,1000,3602.197102
0.0,1000,3613.236982
0.0,1000,3624.41493
0.0,1000,3635.597466
0.0,1000,3646.680571
0.0,1000,3657.801158
0.0,1000,3668.854311
0.0,1000,3679.981588
0.0,1000,3691.140248
0.0,1000,3702.2379
0.0,1000,3713.418568
0.0,1000,3724.521465
0.0,1000,3735.606607
0.0,1000,3746.773712
0.0,1000,3757.865025
0.0,1000,3769.038918
0.0,1000,3780.137534
0.0,1000,3791.262441
0.0,1000,3802.382738
0.0,1000,3813.430321
0.0,1000,3824.478526
0.0,1000,3835.575443
0.0,1000,3846.803316
0.0,1000,3857.953876
0.0,1000,3869.094771
0.0,1000,3880.09194
0.0,1000,3891.215196
0.0,1000,3902.40997
0.0,1000,3913.511937
0.0,1000,3924.65828
0.0,1000,3935.927753
0.0,1000,3947.149341
0.0,1000,3958.322802
0.0,1000,3969.952161
0.0,1000,3981.019407
0.0,1000,3992.103281
0.0,1000,4003.134836
0.0,1000,4014.342974
0.0,1000,4025.409034
0.0,1000,4036.479014
0.0,1000,4047.645658
0.0,1000,4058.805021
0.0,1000,4069.958705
0.0,1000,4081.0921
0.0,1000,4092.243814
0.0,1000,4103.380582
0.0,1000,4114.545854
1.0,958,4125.32288
0.0,1000,4136.478617
0.0,1000,4147.490392
0.0,1000,4158.71105
0.0,1000,4169.871703
0.0,1000,4181.049337
0.0,1000,4192.302015
0.0,1000,4203.406891
0.0,1000,4214.518334
0.0,1000,4225.68167
0.0,1000,4236.860821
0.0,1000,4248.092283
0.0,1000,4259.246621
0.0,1000,4270.426109
0.0,1000,4281.558623
0.0,1000,4292.720774
0.0,1000,4303.896705
0.0,1000,4315.018894
0.0,1000,4326.158135
0.0,1000,4337.281502
0.0,1000,4348.372189
0.0,1000,4359.56635
0.0,1000,4370.889327
0.0,1000,4382.53226
1.0,905,4392.935205
0.0,1000,4404.87851
0.0,1000,4416.468214
0.0,1000,4427.494782
0.0,1000,4438.694247
0.0,1000,4449.805413
0.0,1000,4461.040943
0.0,1000,4472.096501
0.0,1000,4483.371889
0.0,1000,4494.551907
0.0,1000,4505.819839
0.0,1000,4517.023385
0.0,1000,4528.201196
0.0,1000,4539.442409
1.0,347,4543.281495
0.0,1000,4554.528359
0.0,1000,4565.723375
0.0,1000,4577.013868
0.0,1000,4588.199615
0.0,1000,4599.377746
0.0,1000,4610.457434
1.0,802,4619.498559
0.0,1000,4630.735582
0.0,1000,4641.866534
0.0,1000,4652.96539
0.0,1000,4664.175524
0.0,1000,4675.327038
0.0,1000,4686.472049
0.0,1000,4697.606336
0.0,1000,4708.82305
0.0,1000,4720.087351
0.0,1000,4731.311286
0.0,1000,4742.565923
0.0,1000,4753.742693
1.0,588,4760.27833
0.0,1000,4771.46928
0.0,1000,4782.538746
0.0,1000,4793.710512
0.0,1000,4804.861591
0.0,1000,4816.085731
0.0,1000,4827.27707
0.0,1000,4838.353263
0.0,1000,4849.584849
0.0,1000,4860.869405
0.0,1000,4872.160653
1.0,653,4879.432916
0.0,1000,4890.560564
0.0,1000,4901.810801
0.0,1000,4913.162309
0.0,1000,4924.387978
0.0,1000,4935.611015
0.0,1000,4946.769557
0.0,1000,4958.011763
0.0,1000,4969.161086
0.0,1000,4980.421946
0.0,1000,4991.640921
0.0,1000,5002.715015
0.0,1000,5013.834875
0.0,1000,5024.99294
0.0,1000,5036.093402
0.0,1000,5047.287694
0.0,1000,5058.51555
0.0,1000,5069.61141
0.0,1000,5080.726206
0.0,1000,5091.85905
0.0,1000,5103.068568
1.0,533,5109.032541
0.0,1000,5120.122752
0.0,1000,5131.288377
0.0,1000,5142.577715
0.0,1000,5153.855258
1.0,679,5161.492827
0.0,1000,5172.668756
0.0,1000,5183.902938
0.0,1000,5195.110361
0.0,1000,5206.244666
0.0,1000,5217.391995
0.0,1000,5228.593534
1.0,882,5238.358912
0.0,1000,5249.480127
0.0,1000,5260.660972
0.0,1000,5271.760882
0.0,1000,5282.8767
0.0,1000,5294.112982
0.0,1000,5305.220848
0.0,1000,5316.483562
0.0,1000,5327.823597
0.0,1000,5338.888189
0.0,1000,5350.08776
0.0,1000,5361.162969
0.0,1000,5372.294032
0.0,1000,5383.474526
0.0,1000,5394.585688
0.0,1000,5405.751394
0.0,1000,5416.817213
0.0,1000,5427.961341
0.0,1000,5439.228895
0.0,1000,5450.42209
0.0,1000,5461.560243
0.0,1000,5472.727961
0.0,1000,5483.981921
0.0,1000,5495.123737
0.0,1000,5506.27693
0.0,1000,5517.475898
0.0,1000,5528.604773
0.0,1000,5539.800937
0.0,1000,5550.894229
0.0,1000,5562.085238
1.0,963,5572.896011
0.0,1000,5584.060965
0.0,1000,5595.319107
0.0,1000,5606.517961
0.0,1000,5617.721813
0.0,1000,5628.9491
0.0,1000,5640.163376
0.0,1000,5651.290542
0.0,1000,5662.442952
0.0,1000,5673.654824
0.0,1000,5684.793919
0.0,1000,5696.030951
0.0,1000,5707.229794
0.0,1000,5718.331738
0.0,1000,5729.444966
0.0,1000,5740.713607
0.0,1000,5752.011407
1.0,588,5759.071286
0.0,1000,5770.251239
1.0,368,5774.340161
0.0,1000,5785.54106
0.0,1000,5796.712177
0.0,1000,5807.859395
0.0,1000,5819.166666
0.0,1000,5830.389035
0.0,1000,5841.546095
0.0,1000,5852.61642
1.0,779,5861.356194
1.0,828,5870.700982
0.0,1000,5881.923526
0.0,1000,5893.102899
0.0,1000,5904.330891
0.0,1000,5915.485795
0.0,1000,5926.780681
0.0,1000,5938.0234
0.0,1000,5949.312516
0.0,1000,5960.553487
0.0,1000,5971.736624
0.0,1000,5982.987791
0.0,1000,5994.244888
0.0,1000,6005.499972
0.0,1000,6016.797196
0.0,1000,6028.033247
0.0,1000,6039.500102
0.0,1000,6050.792836
0.0,1000,6062.080565
0.0,1000,6073.545311
0.0,1000,6084.909224
0.0,1000,6096.14389
0.0,1000,6107.43922
0.0,1000,6118.52002
0.0,1000,6129.640085
0.0,1000,6140.747138
0.0,1000,6151.915432
0.0,1000,6163.023629
0.0,1000,6174.080475
0.0,1000,6185.247346
0.0,1000,6196.442417
0.0,1000,6207.551756
0.0,1000,6218.647472
0.0,1000,6229.809001
0.0,1000,6240.929108
0.0,1000,6252.115668
1.0,420,6256.807823
0.0,1000,6267.944827
0.0,1000,6279.016494
0.0,1000,6290.053637
0.0,1000,6301.154764
0.0,1000,6312.350882
0.0,1000,6323.497805
0.0,1000,6334.707488
0.0,1000,6345.981511
0.0,1000,6357.157589
0.0,1000,6368.190384
0.0,1000,6379.314636
0.0,1000,6390.493779
0.0,1000,6401.63436
0.0,1000,6412.784898
0.0,1000,6423.857271
0.0,1000,6435.013561
0.0,1000,6446.111771
0.0,1000,6457.235033
0.0,1000,6468.374784
0.0,1000,6479.50477
0.0,1000,6490.58741
0.0,1000,6501.760887
0.0,1000,6512.879498
0.0,1000,6523.980049
0.0,1000,6535.157744
0.0,1000,6546.218119
0.0,1000,6557.288669
0.0,1000,6568.421822
0.0,1000,6579.592969
1.0,607,6586.311533
0.0,1000,6597.397391
0.0,1000,6608.472784
0.0,1000,6619.606623
0.0,1000,6630.712124
0.0,1000,6641.770003
0.0,1000,6652.936128
0.0,1000,6664.026313
0.0,1000,6675.15029
0.0,1000,6686.16233
0.0,1000,6697.353955
0.0,1000,6708.519868
0.0,1000,6719.581263
0.0,1000,6730.675235
0.0,1000,6741.845249
0.0,1000,6753.036017
0.0,1000,6764.198887
0.0,1000,6775.373233
0.0,1000,6786.472947
0.0,1000,6797.50688
0.0,1000,6808.532099
0.0,1000,6819.622697
0.0,1000,6830.779944
0.0,1000,6841.91369
0.0,1000,6853.068226
0.0,1000,6864.228426
0.0,1000,6875.458932
0.0,1000,6886.527912
0.0,1000,6897.652066
0.0,1000,6908.671917
0.0,1000,6919.669786
0.0,1000,6930.754726
0.0,1000,6941.988882
0.0,1000,6953.253782
0.0,1000,6964.433559
0.0,1000,6975.666047
0.0,1000,6986.806767
0.0,1000,6997.891338
0.0,1000,7009.043543
0.0,1000,7020.028594
0.0,1000,7031.114284
0.0,1000,7042.375571
0.0,1000,7053.517208
0.0,1000,7064.630078
0.0,1000,7075.839593
0.0,1000,7086.996165
0.0,1000,7098.006447
0.0,1000,7109.102635
0.0,1000,7120.164323
0.0,1000,7131.296403
0.0,1000,7142.325456
0.0,1000,7153.417339
0.0,1000,7164.504174
0.0,1000,7175.636256
0.0,1000,7186.717799
0.0,1000,7197.841126
0.0,1000,7208.93577
0.0,1000,7220.042122
0.0,1000,7231.174392
0.0,1000,7242.418489
0.0,1000,7253.467425
0.0,1000,7264.628761
0.0,1000,7275.785386
0.0,1000,7286.865153
0.0,1000,7297.916989
0.0,1000,7308.986487
0.0,1000,7320.044616
0.0,1000,7331.01772
0.0,1000,7342.059297
0.0,1000,7353.18291
0.0,1000,7364.275653
0.0,1000,7375.444538
0.0,1000,7386.529426
0.0,1000,7397.598161
0.0,1000,7408.700433
0.0,1000,7419.741311
0.0,1000,7430.825205
0.0,1000,7441.818859
0.0,1000,7452.892853
0.0,1000,7463.943151
0.0,1000,7475.029048
0.0,1000,7486.085808
0.0,1000,7497.167887
0.0,1000,7508.177878
0.0,1000,7519.251668
0.0,1000,7530.314397
0.0,1000,7541.513648
0.0,1000,7552.508417
0.0,1000,7563.766669
0.0,1000,7574.846476
0.0,1000,7585.866467
0.0,1000,7597.346548
0.0,1000,7608.478248
0.0,1000,7619.591745
0.0,1000,7630.663192
0.0,1000,7641.673337
0.0,1000,7652.597816
0.0,1000,7663.624379
0.0,1000,7674.803742
0.0,1000,7685.859974
0.0,1000,7696.874364
0.0,1000,7707.9902
0.0,1000,7719.022466
0.0,1000,7730.092088
0.0,1000,7741.16428
0.0,1000,7752.218635
0.0,1000,7763.322874
0.0,1000,7774.377307
0.0,1000,7785.442819
0.0,1000,7796.516477
0.0,1000,7807.534082
0.0,1000,7818.539599
0.0,1000,7829.697925
0.0,1000,7840.818743
1.0,913,7850.989201
0.0,1000,7862.103218
0.0,1000,7873.259161
0.0,1000,7884.365052
0.0,1000,7895.380436
0.0,1000,7906.479838
0.0,1000,7917.483844
1.0,783,7926.077381
0.0,1000,7937.166354
0.0,1000,7948.199214
0.0,1000,7959.227625
0.0,1000,7970.336777
0.0,1000,7981.354195
0.0,1000,7992.408106
0.0,1000,8003.467101
0.0,1000,8014.443387
0.0,1000,8025.544377
0.0,1000,8036.693234
0.0,1000,8047.742396
0.0,1000,8058.900898
0.0,1000,8069.978292
0.0,1000,8081.033443
0.0,1000,8092.162259
0.0,1000,8103.233435
0.0,1000,8114.306886
0.0,1000,8125.438233
0.0,1000,8136.53302
0.0,1000,8147.701943
0.0,1000,8158.749818
0.0,1000,8169.869307
0.0,1000,8180.933696
0.0,1000,8192.028744
0.0,1000,8203.163222
0.0,1000,8214.186998
0.0,1000,8225.198674
0.0,1000,8236.384411
0.0,1000,8247.445223
0.0,1000,8258.560378
0.0,1000,8269.60584
0.0,1000,8280.655456
0.0,1000,8291.777518
0.0,1000,8302.829476
0.0,1000,8313.862968
0.0,1000,8324.937693
0.0,1000,8335.963582
0.0,1000,8347.053397
0.0,1000,8358.122452
0.0,1000,8369.126515
0.0,1000,8380.179695
0.0,1000,8391.151266
0.0,1000,8402.286957
0.0,1000,8413.290845
0.0,1000,8424.385919
0.0,1000,8435.50099
1.0,918,8445.793426
0.0,1000,8456.894676
0.0,1000,8467.934271
0.0,1000,8479.039796
0.0,1000,8490.056851
0.0,1000,8501.122137
0.0,1000,8512.140943
0.0,1000,8523.060982
0.0,1000,8534.211102
0.0,1000,8545.239722
0.0,1000,8556.373477
0.0,1000,8567.437477
0.0,1000,8578.597241
0.0,1000,8589.718814
0.0,1000,8600.73422
0.0,1000,8611.811504
0.0,1000,8622.916985
0.0,1000,8634.035013
0.0,1000,8645.13045
0.0,1000,8656.118753
0.0,1000,8667.16322
0.0,1000,8678.224412
0.0,1000,8689.277912
0.0,1000,8700.308225
0.0,1000,8711.352046
0.0,1000,8722.51838
0.0,1000,8733.584086
0.0,1000,8744.776896
0.0,1000,8755.827367
0.0,1000,8766.927483
0.0,1000,8778.117724
0.0,1000,8789.230107
0.0,1000,8800.384798
0.0,1000,8811.501563
0.0,1000,8822.495834
0.0,1000,8833.507715
0.0,1000,8844.617199
0.0,1000,8855.682904
1.0,890,8865.632504
0.0,1000,8876.726694
0.0,1000,8887.756946
0.0,1000,8898.832819
0.0,1000,8909.835952
0.0,1000,8920.862191
0.0,1000,8931.936234
1.0,865,8941.408102
0.0,1000,8952.491633
0.0,1000,8963.57312
0.0,1000,8974.575996
0.0,1000,8985.679796
0.0,1000,8996.751259
0.0,1000,9007.840711
0.0,1000,9018.9722
0.0,1000,9030.06115
0.0,1000,9041.225818
0.0,1000,9052.229775
0.0,1000,9063.262431
0.0,1000,9074.315314
0.0,1000,9085.460404
0.0,1000,9096.626415
0.0,1000,9107.728298
0.0,1000,9118.801486
0.0,1000,9129.909425
0.0,1000,9140.934274
0.0,1000,9152.002294
0.0,1000,9163.105694
0.0,1000,9174.274839
0.0,1000,9185.315389
0.0,1000,9196.376799
0.0,1000,9207.372637
1.0,461,9212.444491
0.0,1000,9223.425461
0.0,1000,9234.50871
0.0,1000,9245.55268
0.0,1000,9256.670517
0.0,1000,9267.70155
0.0,1000,9278.827609
0.0,1000,9289.945421
0.0,1000,9301.010583
0.0,1000,9312.005397
0.0,1000,9323.148782
0.0,1000,9334.332695
0.0,1000,9345.558615
0.0,1000,9356.662605
0.0,1000,9367.67255
1.0,550,9373.757288
0.0,1000,9384.809761
0.0,1000,9395.76809
0.0,1000,9406.79251
0.0,1000,9417.873294
0.0,1000,9429.328348
0.0,1000,9440.383182
0.0,1000,9451.482707
1.0,484,9456.848256
0.0,1000,9467.877703
0.0,1000,9478.898534
0.0,1000,9490.056323
0.0,1000,9501.173977
0.0,1000,9512.221395
0.0,1000,9523.25409
0.0,1000,9534.250745
0.0,1000,9545.252812
0.0,1000,9556.404381
0.0,1000,9567.461566
0.0,1000,9578.448356
0.0,1000,9589.549816
0.0,1000,9600.724844
0.0,1000,9611.775492
0.0,1000,9622.81117
0.0,1000,9633.847689
0.0,1000,9645.044207
0.0,1000,9656.08982
0.0,1000,9667.118633
0.0,1000,9678.209539
0.0,1000,9689.364619
0.0,1000,9700.526357
0.0,1000,9711.583522
0.0,1000,9722.727555
0.0,1000,9733.760326
1.0,735,9741.785482
0.0,1000,9752.809923
0.0,1000,9763.888382
1.0,754,9772.258048
0.0,1000,9783.322495
0.0,1000,9794.354971
0.0,1000,9805.45703
0.0,1000,9816.585855
0.0,1000,9827.576334
0.0,1000,9838.595363
0.0,1000,9849.605185
0.0,1000,9860.643004
1.0,643,9867.696337
0.0,1000,9878.720711
0.0,1000,9889.752388
0.0,1000,9900.785394
0.0,1000,9911.902232
0.0,1000,9922.975263
0.0,1000,9934.02396
0.0,1000,9945.188517
0.0,1000,9956.168504
0.0,1000,9967.315766
1.0,959,9977.974953
0.0,1000,9988.973132
0.0,1000,10000.016038
0.0,1000,10011.058333
0.0,1000,10022.124621
0.0,1000,10033.085883
0.0,1000,10044.117394
0.0,1000,10055.191854
0.0,1000,10066.22937
0.0,1000,10077.351476
0.0,1000,10088.331776
0.0,1000,10099.446984
0.0,1000,10110.550435
0.0,1000,10121.584638
0.0,1000,10132.576144
0.0,1000,10143.578786
0.0,1000,10154.702016
0.0,1000,10165.722046
0.0,1000,10176.791233
0.0,1000,10187.896055
0.0,1000,10199.037964
0.0,1000,10210.082658
0.0,1000,10221.150365
0.0,1000,10232.227798
0.0,1000,10243.370695
0.0,1000,10254.279723
0.0,1000,10265.45658
0.0,1000,10276.553067
0.0,1000,10287.688886
0.0,1000,10298.790431
0.0,1000,10309.826524
0.0,1000,10320.926354
0.0,1000,10331.965136
0.0,1000,10343.001868
0.0,1000,10354.046445
0.0,1000,10365.022163
0.0,1000,10376.153781
0.0,1000,10387.257519
0.0,1000,10398.380596
0.0,1000,10409.406612
0.0,1000,10420.469114
0.0,1000,10431.529155
0.0,1000,10442.535191
0.0,1000,10453.582666
0.0,1000,10464.63431
0.0,1000,10475.680032
0.0,1000,10486.86554
0.0,1000,10497.856111
0.0,1000,10508.914423
0.0,1000,10520.051965
0.0,1000,10531.172506
0.0,1000,10542.287127
0.0,1000,10553.315973
0.0,1000,10564.512619
0.0,1000,10575.602633
0.0,1000,10586.54692
0.0,1000,10597.53918
0.0,1000,10608.679697
0.0,1000,10619.778014
0.0,1000,10630.860798
0.0,1000,10641.876106
0.0,1000,10652.85299
0.0,1000,10663.957527
0.0,1000,10675.008417
0.0,1000,10686.183919
0.0,1000,10697.13376
0.0,1000,10708.167946
0.0,1000,10719.270472
0.0,1000,10730.297464
0.0,1000,10741.296546
0.0,1000,10752.366723
0.0,1000,10763.452563
0.0,1000,10774.472381
0.0,1000,10785.42453
0.0,1000,10796.530246
0.0,1000,10807.532966
0.0,1000,10818.611821
0.0,1000,10829.793874
0.0,1000,10840.950902
0.0,1000,10852.037396
0.0,1000,10863.176556
0.0,1000,10874.336945
0.0,1000,10885.458604
0.0,1000,10896.550037
1.0,564,10902.751674
0.0,1000,10913.958742
0.0,1000,10925.05183
0.0,1000,10936.058928
0.0,1000,10947.066936
0.0,1000,10958.057275
0.0,1000,10969.108134
0.0,1000,10980.153399
0.0,1000,10991.245543
0.0,1000,11002.398479
0.0,1000,11013.469973
0.0,1000,11024.506996
0.0,1000,11035.531359
0.0,1000,11046.659416
0.0,1000,11057.726249
0.0,1000,11068.748902
0.0,1000,11079.807699
0.0,1000,11090.823724
0.0,1000,11101.915592
0.0,1000,11112.995618
0.0,1000,11124.058965
0.0,1000,11135.211976
0.0,1000,11146.426543
1.0,838,11155.724764
0.0,1000,11166.849685
0.0,1000,11178.001534
0.0,1000,11189.068488
0.0,1000,11200.095731
0.0,1000,11211.167927
0.0,1000,11222.272438
0.0,1000,11233.307412
0.0,1000,11244.379588
0.0,1000,11255.519962
0.0,1000,11266.982632
0.0,1000,11278.207939
0.0,1000,11289.272397
0.0,1000,11300.321038
0.0,1000,11311.403724
1.0,663,11318.741581
0.0,1000,11329.881928
0.0,1000,11340.958318
0.0,1000,11352.003848
0.0,1000,11363.08155
0.0,1000,11374.133851
0.0,1000,11385.25045
0.0,1000,11396.471619
0.0,1000,11407.498849
0.0,1000,11418.619391
1.0,929,11428.902656
0.0,1000,11440.052554
0.0,1000,11451.178682
0.0,1000,11462.328968
0.0,1000,11473.511925
0.0,1000,11484.650752
1.0,856,11494.273707
0.0,1000,11505.414378
0.0,1000,11516.580854
0.0,1000,11527.673352
0.0,1000,11538.75543
0.0,1000,11549.958503
0.0,1000,11561.07342
0.0,1000,11572.2521
0.0,1000,11583.428165
0.0,1000,11594.441777
0.0,1000,11605.563636
0.0,1000,11616.601542
0.0,1000,11627.693354
0.0,1000,11638.797195
0.0,1000,11649.960578
0.0,1000,11661.050443
0.0,1000,11672.107711
0.0,1000,11683.251194
0.0,1000,11694.328988
0.0,1000,11705.373414
0.0,1000,11716.557012
0.0,1000,11727.711569
0.0,1000,11738.903117
0.0,1000,11750.029336
0.0,1000,11761.090057
0.0,1000,11772.209916
0.0,1000,11783.342908
0.0,1000,11794.48208
0.0,1000,11805.61753
0.0,1000,11816.748654
0.0,1000,11827.810813
0.0,1000,11838.941152
0.0,1000,11850.169319
0.0,1000,11861.406789
0.0,1000,11872.624581
0.0,1000,11883.796788
0.0,1000,11894.954413
0.0,1000,11906.174877
0.0,1000,11917.196168
0.0,1000,11928.299157
0.0,1000,11939.557119
0.0,1000,11950.736886
0.0,1000,11961.897044
0.0,1000,11973.076968
0.0,1000,11984.285774
0.0,1000,11995.435383
0.0,1000,12006.612504
1.0,810,12015.638825
0.0,1000,12026.849368
0.0,1000,12038.073764
0.0,1000,12049.241433
0.0,1000,12060.395418
0.0,1000,12071.608834
0.0,1000,12082.84674
0.0,1000,12093.979344
0.0,1000,12105.217959
0.0,1000,12116.401799
0.0,1000,12127.527192
1.0,495,12133.029488
0.0,1000,12144.23026
0.0,1000,12155.568638
0.0,1000,12166.706147
0.0,1000,12177.866804
0.0,1000,12189.040656
0.0,1000,12200.088145
0.0,1000,12211.198387
0.0,1000,12222.366324
0.0,1000,12233.535853
0.0,1000,12244.687883
0.0,1000,12255.914902
0.0,1000,12267.023804
0.0,1000,12278.208014
0.0,1000,12289.327075
0.0,1000,12300.442575
0.0,1000,12311.657605
0.0,1000,12322.725771
0.0,1000,12333.92974
0.0,1000,12345.180043
0.0,1000,12356.262496
0.0,1000,12367.490545
0.0,1000,12378.683882
0.0,1000,12389.829008
0.0,1000,12401.102122
0.0,1000,12412.225147
0.0,1000,12423.493609
0.0,1000,12434.719762
0.0,1000,12445.815697
0.0,1000,12457.017703
0.0,1000,12468.117965
0.0,1000,12479.19363
0.0,1000,12490.314292
1.0,851,12499.728748
0.0,1000,12510.905607
0.0,1000,12522.06603
0.0,1000,12533.25806
0.0,1000,12544.434727
0.0,1000,12555.575078
0.0,1000,12566.843364
0.0,1000,12577.95123
0.0,1000,12589.03817
0.0,1000,12600.222449
0.0,1000,12611.40263
0.0,1000,12622.591264
0.0,1000,12633.859358
0.0,1000,12645.064545
0.0,1000,12656.150263
0.0,1000,12667.304175
0.0,1000,12678.456009
0.0,1000,12689.507256
0.0,1000,12700.617049
0.0,1000,12711.730203
0.0,1000,12722.804184
0.0,1000,12734.02249
0.0,1000,12745.096969
0.0,1000,12756.20815
0.0,1000,12767.429307
0.0,1000,12778.624351
0.0,1000,12789.811439
0.0,1000,12800.901235
0.0,1000,12812.113745
0.0,1000,12823.238157
0.0,1000,12834.379468
1.0,971,12845.24322
0.0,1000,12856.332099
0.0,1000,12867.382566
0.0,1000,12878.557649
0.0,1000,12889.685401
0.0,1000,12900.788361
0.0,1000,12911.984185
0.0,1000,12923.13927
0.0,1000,12934.261214
0.0,1000,12945.526638
1.0,992,12956.611603
0.0,1000,12967.708052
0.0,1000,12978.953704
0.0,1000,12990.065426
0.0,1000,13001.205612
0.0,1000,13012.404716
0.0,1000,13023.492603
0.0,1000,13034.673337
0.0,1000,13045.800754
0.0,1000,13056.933707
0.0,1000,13068.065185
1.0,881,13077.875143
0.0,1000,13089.034694
0.0,1000,13100.1642
0.0,1000,13111.321467
0.0,1000,13122.473236
0.0,1000,13133.488551
0.0,1000,13144.647567
0.0,1000,13155.670081
0.0,1000,13166.892252
0.0,1000,13178.075047
0.0,1000,13189.209578
0.0,1000,13200.322366
0.0,1000,13211.342895
0.0,1000,13222.434694
0.0,1000,13233.626407
0.0,1000,13244.826977
0.0,1000,13255.894819
0.0,1000,13267.01565
0.0,1000,13278.170567
0.0,1000,13289.36201
0.0,1000,13300.367599
0.0,1000,13311.480294
0.0,1000,13322.647495
0.0,1000,13333.778986
0.0,1000,13344.920051
0.0,1000,13356.093062
0.0,1000,13367.302336
0.0,1000,13378.389933
0.0,1000,13389.518563
1.0,570,13395.9027
0.0,1000,13407.031056
0.0,1000,13418.142376
0.0,1000,13429.261708
0.0,1000,13440.413749
0.0,1000,13451.504045
0.0,1000,13462.687957
0.0,1000,13473.769653
1.0,374,13477.969593
0.0,1000,13489.062925
0.0,1000,13500.2635
0.0,1000,13511.418939
0.0,1000,13522.465579
0.0,1000,13533.653367
0.0,1000,13544.875005
0.0,1000,13556.015015
0.0,1000,13567.219744
0.0,1000,13578.386813
0.0,1000,13589.411254
0.0,1000,13600.456573
0.0,1000,13611.636647
0.0,1000,13622.778289
1.0,767,13631.207453
0.0,1000,13642.32039
0.0,1000,13653.406039
0.0,1000,13664.462087
0.0,1000,13675.590669
0.0,1000,13686.727252
0.0,1000,13697.834896
0.0,1000,13708.87607
0.0,1000,13719.985097
0.0,1000,13731.12464
0.0,1000,13742.139414
0.0,1000,13753.362683
0.0,1000,13764.449071
1.0,373,13768.639555
0.0,1000,13779.757934
0.0,1000,13790.833415
0.0,1000,13801.966733
0.0,1000,13813.165533
0.0,1000,13824.285302
0.0,1000,13835.461516
0.0,1000,13846.63158
0.0,1000,13857.714485
0.0,1000,13868.86261
0.0,1000,13879.940653
0.0,1000,13891.123578
0.0,1000,13902.359578
0.0,1000,13913.526841
0.0,1000,13924.635944
0.0,1000,13935.756148
0.0,1000,13946.953274
0.0,1000,13958.082058
0.0,1000,13969.186019
0.0,1000,13980.310149
0.0,1000,13991.390069
0.0,1000,14002.574132
0.0,1000,14013.67049
0.0,1000,14024.709956
0.0,1000,14035.809431
0.0,1000,14046.860549
0.0,1000,14058.044542
0.0,1000,14069.191955
0.0,1000,14080.265321
0.0,1000,14091.438003
0.0,1000,14102.618708
0.0,1000,14113.720887
0.0,1000,14124.820416
1.0,662,14132.136013
0.0,1000,14143.30384
0.0,1000,14154.411062
0.0,1000,14165.575868
0.0,1000,14176.655911
0.0,1000,14187.837106
0.0,1000,14198.989054
0.0,1000,14210.110194
0.0,1000,14221.260966
0.0,1000,14232.307832
0.0,1000,14243.37185
0.0,1000,14254.48812
0.0,1000,14265.686595
0.0,1000,14276.827649
1.0,837,14286.14287
0.0,1000,14297.362237
0.0,1000,14308.572526
0.0,1000,14319.729641
0.0,1000,14330.711431
0.0,1000,14341.893131
0.0,1000,14352.995038
0.0,1000,14364.164863
0.0,1000,14375.186264
1.0,704,14382.917623
0.0,1000,14394.125452
0.0,1000,14405.203963
0.0,1000,14416.346376
0.0,1000,14427.454518
0.0,1000,14438.663622
0.0,1000,14449.812093
0.0,1000,14460.890322
0.0,1000,14472.079431
0.0,1000,14483.190176
0.0,1000,14494.193683
0.0,1000,14505.293322
0.0,1000,14516.342471
0.0,1000,14527.490422
0.0,1000,14538.575342
0.0,1000,14549.644891
0.0,1000,14560.697599
0.0,1000,14571.827732
0.0,1000,14583.054456
0.0,1000,14594.217156
0.0,1000,14605.264034
0.0,1000,14616.445625
0.0,1000,14627.562555
1.0,924,14637.72713
0.0,1000,14648.799645
0.0,1000,14659.921019
0.0,1000,14670.986426
0.0,1000,14682.00485
0.0,1000,14693.157572
0.0,1000,14704.138294
0.0,1000,14715.266432
1.0,970,14726.13751
0.0,1000,14737.279077
0.0,1000,14748.463403
0.0,1000,14759.520468
0.0,1000,14770.719842
0.0,1000,14781.858829
0.0,1000,14792.995905
0.0,1000,14804.068215
0.0,1000,14815.171155
0.0,1000,14826.192295
0.0,1000,14837.33458
0.0,1000,14848.431033
0.0,1000,14859.585088
0.0,1000,14870.662272
0.0,1000,14881.713562
0.0,1000,14892.753556
0.0,1000,14903.880339
0.0,1000,14915.136978
1.0,989,14926.036485
0.0,1000,14937.161688
0.0,1000,14948.250646
0.0,1000,14959.358119
0.0,1000,14970.457315
0.0,1000,14981.533116
0.0,1000,14992.605411
0.0,1000,15003.683158
0.0,1000,15014.826251
0.0,1000,15025.929709
1.0,998,15037.091009
0.0,1000,15048.303885
0.0,1000,15059.285871
0.0,1000,15070.411346
1.0,679,15077.911324
0.0,1000,15089.051846
0.0,1000,15100.154124
0.0,1000,15111.35509
0.0,1000,15122.524716
0.0,1000,15133.613355
0.0,1000,15144.814297
0.0,1000,15155.952141
0.0,1000,15167.099114
0.0,1000,15178.163701
0.0,1000,15189.268586
0.0,1000,15200.297017
0.0,1000,15211.439483
0.0,1000,15222.487305
0.0,1000,15233.577538
0.0,1000,15244.755886
0.0,1000,15255.891336
0.0,1000,15267.044013
0.0,1000,15278.214464
0.0,1000,15289.298741
0.0,1000,15300.467989
0.0,1000,15311.578388
0.0,1000,15322.666552
0.0,1000,15333.830699
0.0,1000,15344.980917
0.0,1000,15356.158509
0.0,1000,15367.317059
0.0,1000,15378.37391
0.0,1000,15389.466282
0.0,1000,15400.559119
0.0,1000,15411.692362
0.0,1000,15422.77411
0.0,1000,15433.904778
0.0,1000,15445.12743
0.0,1000,15456.242763
0.0,1000,15467.404089
0.0,1000,15478.562183
0.0,1000,15489.664546
0.0,1000,15500.824094
0.0,1000,15511.967742
0.0,1000,15523.1031
0.0,1000,15534.121367
0.0,1000,15545.317359
0.0,1000,15556.320641
0.0,1000,15567.33571
0.0,1000,15578.341475
0.0,1000,15589.514065
0.0,1000,15600.688972
0.0,1000,15611.842077
0.0,1000,15622.981985
0.0,1000,15634.19796
0.0,1000,15645.319089
0.0,1000,15656.350754
0.0,1000,15667.472864
0.0,1000,15678.69135
0.0,1000,15689.808505
0.0,1000,15700.861755
0.0,1000,15711.993078
0.0,1000,15723.114418
0.0,1000,15734.280141
0.0,1000,15745.468105
0.0,1000,15756.532102
0.0,1000,15767.628987
0.0,1000,15778.656954
0.0,1000,15789.780617
0.0,1000,15800.895128
0.0,1000,15811.993217
0.0,1000,15823.142588
0.0,1000,15834.265177
0.0,1000,15845.414395
0.0,1000,15856.491527
0.0,1000,15867.575111
0.0,1000,15878.668329
0.0,1000,15889.732478
0.0,1000,15900.803884
1.0,683,15908.424674
0.0,1000,15919.554177
0.0,1000,15930.636392
0.0,1000,15941.760503
0.0,1000,15952.928141
0.0,1000,15963.952839
0.0,1000,15975.156268
1.0,909,15985.225465
1.0,453,15990.241782
0.0,1000,16001.408294
1.0,472,16006.669602
0.0,1000,16017.810128
0.0,1000,16028.90333
0.0,1000,16039.91849
0.0,1000,16051.009845
0.0,1000,16062.102894
0.0,1000,16073.205952
0.0,1000,16084.345249
0.0,1000,16095.495046
0.0,1000,16106.667279
0.0,1000,16117.765536
0.0,1000,16128.946957
0.0,1000,16140.029899
0.0,1000,16151.102338
0.0,1000,16162.189997
0.0,1000,16173.363347
0.0,1000,16184.491834
0.0,1000,16195.598989
0.0,1000,16206.642884
0.0,1000,16217.794883
0.0,1000,16228.91042
0.0,1000,16239.989673
1.0,784,16248.725782
0.0,1000,16259.918312
0.0,1000,16271.973616
0.0,1000,16284.081991
1.0,996,16295.767112
0.0,1000,16306.741221
0.0,1000,16317.805379
0.0,1000,16328.897917
0.0,1000,16339.982351
0.0,1000,16351.045058
0.0,1000,16362.144551
0.0,1000,16373.21994
0.0,1000,16384.296135
0.0,1000,16395.424979
0.0,1000,16406.495116
0.0,1000,16417.531013
0.0,1000,16428.64805
0.0,1000,16439.708965
0.0,1000,16450.772234
0.0,1000,16461.860655
0.0,1000,16472.937552
0.0,1000,16484.050863
0.0,1000,16495.197596
0.0,1000,16506.254473
0.0,1000,16517.311844
0.0,1000,16528.322297
0.0,1000,16539.413037
0.0,1000,16550.41872
0.0,1000,16561.384177
0.0,1000,16572.509597
1.0,438,16577.40587
0.0,1000,16588.419984
0.0,1000,16599.444975
0.0,1000,16610.516533
0.0,1000,16621.580584
0.0,1000,16632.663205
0.0,1000,16643.702557
1.0,574,16650.097286
0.0,1000,16661.184507
0.0,1000,16672.182626
0.0,1000,16683.271604
0.0,1000,16694.315799
0.0,1000,16705.370702
0.0,1000,16716.404201
0.0,1000,16727.435578
0.0,1000,16738.442847
0.0,1000,16749.493097
0.0,1000,16760.584382
0.0,1000,16771.666123
0.0,1000,16782.716018
0.0,1000,16793.675661
0.0,1000,16804.890522
0.0,1000,16816.036324
0.0,1000,16827.126575
0.0,1000,16838.266863
0.0,1000,16849.336459
0.0,1000,16860.426315
0.0,1000,16871.55639
0.0,1000,16882.647996
0.0,1000,16893.761829
0.0,1000,16904.780373
0.0,1000,16915.825863
0.0,1000,16926.886354
0.0,1000,16937.896003
0.0,1000,16948.849214
0.0,1000,16959.998481
0.0,1000,16971.076174
0.0,1000,16982.210256
0.0,1000,16993.265134
1.0,972,17004.020584
0.0,1000,17015.137049
0.0,1000,17026.167342
0.0,1000,17037.350401
0.0,1000,17048.289672
0.0,1000,17059.394955
0.0,1000,17070.526044
0.0,1000,17081.581606
0.0,1000,17092.640542
1.0,567,17098.965193
0.0,1000,17110.040586
0.0,1000,17121.060008
0.0,1000,17132.145536
0.0,1000,17143.30412
0.0,1000,17154.306134
0.0,1000,17165.350807
0.0,1000,17176.459686
0.0,1000,17187.645925
0.0,1000,17198.73543
0.0,1000,17209.761226
0.0,1000,17221.673254
0.0,1000,17232.793524
0.0,1000,17243.917546
0.0,1000,17254.942643
0.0,1000,17265.936267
0.0,1000,17276.960774
0.0,1000,17287.97074
0.0,1000,17299.011953
0.0,1000,17310.027583
0.0,1000,17321.035547
0.0,1000,17332.014945
0.0,1000,17343.513791
0.0,1000,17354.85694
0.0,1000,17366.077195
0.0,1000,17377.127547
0.0,1000,17388.166849
0.0,1000,17399.187931
0.0,1000,17410.257449
0.0,1000,17421.213876
0.0,1000,17432.302134
0.0,1000,17443.410931
0.0,1000,17454.425386
0.0,1000,17465.401807
0.0,1000,17476.687205
0.0,1000,17488.360962
0.0,1000,17499.694004
0.0,1000,17511.199074
0.0,1000,17522.671662
0.0,1000,17533.911315
0.0,1000,17543.562959
0.0,1000,17553.680936
0.0,1000,17563.483271
0.0,1000,17572.926381
0.0,1000,17583.039858
0.0,1000,17592.876658
0.0,1000,17602.766744
0.0,1000,17612.939181
0.0,1000,17622.886183
0.0,1000,17633.131646
0.0,1000,17643.471586
0.0,1000,17653.839268
0.0,1000,17664.486577
0.0,1000,17675.895402
0.0,1000,17687.013218
0.0,1000,17698.62168
0.0,1000,17709.862531
0.0,1000,17721.372422
0.0,1000,17733.01604
0.0,1000,17744.340311
0.0,1000,17755.780121
0.0,1000,17767.49694
0.0,1000,17778.621307
1.0,840,17788.041091
0.0,1000,17799.222414
0.0,1000,17809.880671
0.0,1000,17819.764614
0.0,1000,17829.351702
0.0,1000,17840.812353
0.0,1000,17852.327731
0.0,1000,17863.342274
0.0,1000,17875.256902
0.0,1000,17886.823172
0.0,1000,17898.64433
0.0,1000,17910.076101
0.0,1000,17921.388365
1.0,925,17931.776387
0.0,1000,17944.161578
0.0,1000,17956.13642
0.0,1000,17969.285589
0.0,1000,17982.411932
0.0,1000,17995.584594
0.0,1000,18009.304489
0.0,1000,18023.570571
0.0,1000,18036.573298
0.0,1000,18050.592061
0.0,1000,18064.345287
0.0,1000,18079.839094
1.0,706,18091.053418
0.0,1000,18106.203717
0.0,1000,18122.048074
0.0,1000,18137.837773
0.0,1000,18153.669108
0.0,1000,18170.138973
0.0,1000,18185.878422
0.0,1000,18200.791518
0.0,1000,18216.417054
0.0,1000,18233.505151
0.0,1000,18249.865356
0.0,1000,18267.073866
0.0,1000,18279.795882
0.0,1000,18298.100939
0.0,1000,18316.056413
0.0,1000,18333.838885
0.0,1000,18351.521558
0.0,1000,18369.216752
0.0,1000,18386.497391
0.0,1000,18404.04752
0.0,1000,18422.023327
0.0,1000,18440.036128
0.0,1000,18458.080973
0.0,1000,18474.302597
0.0,1000,18490.051783
0.0,1000,18506.276802
0.0,1000,18522.430999
0.0,1000,18537.037348
0.0,1000,18552.770367
0.0,1000,18567.586806
0.0,1000,18582.892297
0.0,1000,18599.835504
0.0,1000,18616.51635
0.0,1000,18634.443306
0.0,1000,18650.227176
0.0,1000,18667.994207
0.0,1000,18685.840773
0.0,1000,18703.465858
0.0,1000,18721.277046
0.0,1000,18738.750614
0.0,1000,18756.536769
0.0,1000,18774.319957
0.0,1000,18791.779247
0.0,1000,18809.140136
0.0,1000,18826.695954
0.0,1000,18844.210875
0.0,1000,18861.870675
0.0,1000,18879.487792
0.0,1000,18897.076991
0.0,1000,18914.718833
0.0,1000,18932.131321
0.0,1000,18949.756413
0.0,1000,18967.295756
0.0,1000,18984.894296
0.0,1000,19002.51585
0.0,1000,19020.008537
0.0,1000,19037.547953
0.0,1000,19055.155464
0.0,1000,19072.651385
0.0,1000,19090.129892
0.0,1000,19107.682717
0.0,1000,19125.309574
0.0,1000,19142.914816
0.0,1000,19160.614113
0.0,1000,19178.198474
0.0,1000,19195.813012
0.0,1000,19212.185812
0.0,1000,19229.650072
0.0,1000,19247.370254
0.0,1000,19264.868887
0.0,1000,19282.496629
0.0,1000,19300.124748
0.0,1000,19317.764426
0.0,1000,19335.197661
0.0,1000,19352.982543
0.0,1000,19370.586995
0.0,1000,19388.272899
0.0,1000,19405.830757
0.0,1000,19423.428466
0.0,1000,19440.919173
0.0,1000,19458.386738
0.0,1000,19475.983906
0.0,1000,19492.734893
0.0,1000,19510.421494
0.0,1000,19527.962304
0.0,1000,19545.73702
0.0,1000,19563.438996
0.0,1000,19581.120052
0.0,1000,19598.56866
0.0,1000,19616.219723
0.0,1000,19633.831812
0.0,1000,19651.433134
0.0,1000,19668.800211
0.0,1000,19686.515379
0.0,1000,19704.006047
0.0,1000,19721.436012
0.0,1000,19738.966444
0.0,1000,19756.551556
0.0,1000,19774.242119
0.0,1000,19791.907851
0.0,1000,19809.584976
0.0,1000,19826.952282
0.0,1000,19844.662506
0.0,1000,19862.126858
1.0,845,19876.917731
0.0,1000,19894.713065
0.0,1000,19912.191458
0.0,1000,19929.716774
0.0,1000,19947.280003
0.0,1000,19964.687465
0.0,1000,19982.320885
0.0,1000,20000.039105
0.0,1000,20017.42694
0.0,1000,20034.958395
0.0,1000,20052.461764
1.0,542,20061.844263
0.0,1000,20079.237804
0.0,1000,20096.832203
0.0,1000,20114.267548
0.0,1000,20131.973799
0.0,1000,20149.489925
0.0,1000,20167.100841
0.0,1000,20184.549378
0.0,1000,20202.004338
0.0,1000,20219.422893
0.0,1000,20236.908452
0.0,1000,20254.195627
0.0,1000,20271.728343
0.0,1000,20289.004833
0.0,1000,20306.413708
0.0,1000,20323.835257
0.0,1000,20341.278476
0.0,1000,20358.77909
0.0,1000,20376.382541
0.0,1000,20393.81198
0.0,1000,20411.196872
1.0,408,20418.265587
0.0,1000,20435.446336
0.0,1000,20452.911504
0.0,1000,20470.53836
0.0,1000,20488.199536
0.0,1000,20505.595042
0.0,1000,20523.156368
0.0,1000,20540.610806
0.0,1000,20558.115725
0.0,1000,20575.233565
0.0,1000,20592.577833
0.0,1000,20610.046825
0.0,1000,20627.440942
1.0,151,20630.066674
0.0,1000,20647.368586
0.0,1000,20663.500822
0.0,1000,20679.495712
0.0,1000,20695.275512
0.0,1000,20711.113504
0.0,1000,20726.731255
0.0,1000,20742.647082
0.0,1000,20758.203204
0.0,1000,20774.050723
0.0,1000,20789.911723
0.0,1000,20805.676471
0.0,1000,20821.408427
0.0,1000,20837.45908
0.0,1000,20853.212835
0.0,1000,20869.014913
0.0,1000,20884.903596
0.0,1000,20900.717035
0.0,1000,20916.556955
0.0,1000,20932.344605
0.0,1000,20948.176365
0.0,1000,20963.979361
0.0,1000,20979.777392
1.0,808,20992.58864
0.0,1000,21008.31091
0.0,1000,21024.123776
0.0,1000,21040.000791
0.0,1000,21055.824881
0.0,1000,21071.720734
0.0,1000,21087.661846
0.0,1000,21103.643415
0.0,1000,21119.490312
0.0,1000,21135.472995
0.0,1000,21151.362635
0.0,1000,21167.224531
0.0,1000,21183.058379
0.0,1000,21199.109248
0.0,1000,21214.900868
0.0,1000,21230.623377
0.0,1000,21245.694177
0.0,1000,21260.179131
0.0,1000,21274.750152
0.0,1000,21289.148676
0.0,1000,21303.546375
0.0,1000,21317.884543
1.0,777,21329.047529
0.0,1000,21343.51414
0.0,1000,21357.804139
0.0,1000,21372.007743
0.0,1000,21386.442326
0.0,1000,21400.828295
0.0,1000,21415.129955
0.0,1000,21429.354151
0.0,1000,21443.758751
0.0,1000,21458.294828
0.0,1000,21472.702289
0.0,1000,21487.091089
0.0,1000,21501.515723
0.0,1000,21515.897394
0.0,1000,21530.164047
0.0,1000,21544.448228
0.0,1000,21558.76603
0.0,1000,21573.137132
0.0,1000,21587.401603
0.0,1000,21601.788812
0.0,1000,21616.091187
0.0,1000,21630.55397
0.0,1000,21644.981875
0.0,1000,21659.360656
0.0,1000,21673.886416
0.0,1000,21688.357459
0.0,1000,21702.701074
0.0,1000,21717.092338
0.0,1000,21731.548998
0.0,1000,21745.91857
0.0,1000,21760.367681
1.0,387,21765.905141
0.0,1000,21780.404891
0.0,1000,21794.824339
0.0,1000,21809.151142
1.0,910,21822.218249
0.0,1000,21836.535683
0.0,1000,21850.89184
0.0,1000,21865.366041
0.0,1000,21879.865831
0.0,1000,21894.358655
0.0,1000,21908.811079
0.0,1000,21923.241786
0.0,1000,21937.669806
0.0,1000,21951.994601
0.0,1000,21966.302552
0.0,1000,21980.896227
0.0,1000,21995.31793
0.0,1000,22009.724947
0.0,1000,22024.087791
0.0,1000,22038.460731
0.0,1000,22052.974778
0.0,1000,22067.505268
0.0,1000,22082.000175
0.0,1000,22096.396292
0.0,1000,22110.719608
0.0,1000,22125.195173
0.0,1000,22139.605922
0.0,1000,22154.198366
0.0,1000,22168.763048
0.0,1000,22183.254
0.0,1000,22197.689453
0.0,1000,22212.185823
0.0,1000,22226.745703
0.0,1000,22241.402403
0.0,1000,22255.781688
0.0,1000,22270.195192
0.0,1000,22284.773597
0.0,1000,22299.213746
0.0,1000,22313.588699
0.0,1000,22328.159986
0.0,1000,22342.538527
0.0,1000,22356.931992
0.0,1000,22371.377398
0.0,1000,22385.843554
0.0,1000,22400.337778
1.0,743,22411.050099
0.0,1000,22425.531641
0.0,1000,22439.832176
0.0,1000,22454.277029
0.0,1000,22468.838999
0.0,1000,22483.247772
0.0,1000,22497.455782
0.0,1000,22511.76933
0.0,1000,22526.149609
1.0,712,22536.358457
1.0,643,22545.672111
0.0,1000,22560.103381
0.0,1000,22574.483469
0.0,1000,22589.163019
0.0,1000,22603.993633
0.0,1000,22618.852619
0.0,1000,22633.845032
0.0,1000,22648.889339
0.0,1000,22665.042906
0.0,1000,22681.419865
0.0,1000,22697.785232
1.0,664,22708.755249
0.0,1000,22725.101511
0.0,1000,22741.044317
1.0,851,22753.844911
0.0,1000,22768.309158
0.0,1000,22782.699469
0.0,1000,22796.970001
0.0,1000,22811.254951
0.0,1000,22825.378297
0.0,1000,22839.921097
0.0,1000,22854.260759
0.0,1000,22868.556852
0.0,1000,22883.017055
0.0,1000,22897.306147
0.0,1000,22911.748938
0.0,1000,22926.130584
0.0,1000,22940.353026
0.0,1000,22954.495329
0.0,1000,22968.688699
0.0,1000,22982.863171
0.0,1000,22997.126691
0.0,1000,23011.399371
0.0,1000,23025.781758
0.0,1000,23039.910197
0.0,1000,23054.120164
0.0,1000,23068.454285
0.0,1000,23082.64286
0.0,1000,23096.820938
0.0,1000,23111.117086
0.0,1000,23125.550012
0.0,1000,23139.96693
0.0,1000,23154.090301
0.0,1000,23168.253142
0.0,1000,23182.619188
0.0,1000,23196.917459
0.0,1000,23211.286966
0.0,1000,23225.520573
0.0,1000,23239.891881
0.0,1000,23254.12751
0.0,1000,23268.400582
0.0,1000,23282.715887
0.0,1000,23296.953607
0.0,1000,23311.23189
0.0,1000,23325.444806
0.0,1000,23339.475904
0.0,1000,23353.771494
0.0,1000,23367.940159
0.0,1000,23382.214539
0.0,1000,23396.404148
0.0,1000,23410.603076
0.0,1000,23424.783243
0.0,1000,23439.130398
0.0,1000,23453.356817
0.0,1000,23467.589963
0.0,1000,23481.990087
0.0,1000,23496.255048
0.0,1000,23510.523612
0.0,1000,23524.648739
0.0,1000,23538.767853
0.0,1000,23552.848362
0.0,1000,23567.18354
0.0,1000,23581.308845
0.0,1000,23595.668546
0.0,1000,23609.935283
0.0,1000,23624.118165
0.0,1000,23638.278162
0.0,1000,23652.47844
0.0,1000,23666.751559
0.0,1000,23681.03646
0.0,1000,23695.26859
0.0,1000,23709.527767
0.0,1000,23723.566271
0.0,1000,23737.884974
